term_ko,term_en,banned_variants,scope,note,banned_en
차량,vehicle,"카",공통,"기본 표기는 '차량'. 다만 '차 키', '내 차', '주차한 차' 같은 굳은 표현은 그대로 둔다. 영문은 B2B·API·HW에서 vehicle, 사용자 대상(B2C)에서는 car 가 자연스럽다","automobile;auto"
차량 소유자,vehicle owner,"차주;오너",B2C,앱 문서에서 독자를 지칭할 때는 '고객님'이 아니라 2인칭 생략,
운전자,driver,"드라이버",공통,소유자와 다를 수 있으므로 구분해서 사용,
VELA Drive,VELA Drive,"벨라 드라이브;벨라드라이브;Vela Drive",B2C,앱 이름은 항상 영문 표기,
VELA Deploy,VELA Deploy,"벨라 디플로이;Vela Deploy",B2B,콘솔 이름은 항상 영문 표기,
VELA Sense,VELA Sense,"벨라 센스;Vela Sense",HW,센서 킷 이름은 항상 영문 표기,
플랫폼,platform,"플렛폼",공통,,
완성차 회사,OEM,"오이엠;제조사",B2B/API,첫 등장 시 '완성차 회사(OEM)'로 병기 후 이후 OEM,
협력사,partner,"벤더;서드파티;협력업체",B2B/API,,
소프트웨어 업데이트,software update,"펌웨어 업뎃;업뎃;업글",공통,사용자 문서에서는 'OTA'라는 약어를 쓰지 않음,
무선 업데이트,over-the-air update,"OTA 업뎃",B2B/API,B2C 문서에서는 '무선 업데이트'로 풀어 쓰고 OTA를 쓰지 않음,
배포,deployment,"디플로이;릴리즈",B2B,,
캠페인,campaign,"배포건;롤아웃건",B2B,VELA Deploy의 배포 단위,
패키지,package,"번들;이미지파일",B2B,차량에 설치되는 소프트웨어 묶음,
타깃 그룹,target group,"타겟 그룹;대상군",B2B,'타겟'이 아니라 '타깃',
롤아웃,rollout,"롤 아웃;배포확대",B2B,단계적으로 대상을 넓히는 것,
롤아웃 단계,rollout stage,"롤아웃 스테이지;단계별 배포",B2B,,
게이트,gate,"게이트웨이;관문",B2B,다음 단계로 넘어갈지 판단하는 기준. gateway와 혼동 금지,
롤백,rollback,"롤-백;roll back",B2B,"이전 버전으로 되돌리는 기능 이름. 일반 동사 '되돌리다'와 '복구되다'는 허용","roll-back;revert"
긴급 중단,emergency stop,"강제중단;킬스위치",B2B,,
사전 조건,precondition,"선행조건;전제조건",공통,명령이나 설치가 실행되기 위한 차량 상태,
설치 대기,pending install,"설치대기중;대기",B2C/B2B,,
승인 워크플로,approval workflow,"결재;승인 프로세스",B2B,,
감사 로그,audit log,"어딧로그;감사기록",B2B,,
성공률,success rate,"성공율",B2B,'율'이 아니라 '률',
오류율,error rate,"에러율;오류률",B2B,'률'이 아니라 '율',
시그널,signal,"신호;시그널값",API,차량이 보고하는 데이터 항목. '신호'는 교통 신호와 혼동되므로 사용 금지,
시그널 카탈로그,signal catalog,"시그널 목록;신호 목록",API,,
최신값,latest value,"현재값;마지막값",API,,
시계열,time series,"타임시리즈;시계열 데이터",API,,
스트리밍 구독,streaming subscription,"실시간 구독",API,"값이 바뀔 때마다 받아 보는 방식",
원격 명령,remote command,"리모트 커맨드;원격제어 명령",API/B2C,,
비동기 결과,asynchronous result,"어싱크 결과;비동기 응답",API,,
웹훅,webhook,"웹 훅;훅",API,,
서명 검증,signature verification,"싸인 검증;서명확인",API/B2B,,
스코프,scope,"권한범위;스콥",API,API 키에 부여되는 권한 범위,
레이트 리밋,rate limit,"요청제한;레이트리밋",API,,
페이지네이션,pagination,"페이징;페이지 나누기",API,,
엔드포인트,endpoint,"앤드포인트;end point",API,,
스테이징,staging,"테스트 환경;개발 환경",API,"프로덕션과 대비되는 환경 이름. '스테이징 환경'은 정상 표현","test environment;dev environment"
프로덕션,production,"운영환경;실서비스",API,,
액세스 토큰,access token,"엑세스 토큰;접근 토큰",API,,
디지털 키,digital key,"디지털키",B2C,"'물리 스마트키'는 실제 열쇠를 가리키는 다른 물건이므로 금지어가 아니다. 영문 physical smart key 도 같은 이유로 허용",phone key
키 공유,key sharing,"키쉐어링;공유키",B2C,,
주행 리포트,driving report,"운행 리포트;드라이빙 리포트",B2C,,
주행 가능 거리,driving range,"주행거리;가능거리",B2C,이미 달린 거리(주행 거리)와 구분,
충전 예약,scheduled charging,"예약충전;충전 스케줄",B2C,,
정비 알림,service reminder,"점검알림;메인터넌스 알림",B2C,,
서비스 센터,service center,"서비스센터;정비소;AS센터",B2C,,"repair shop;garage"
센서 킷,sensor kit,"센서세트;센서 모듈 킷",HW,,
라이다,LiDAR,"라이더",HW,"한글 표기는 '라이다'. 레이더(radar)는 다른 센서이므로 금지어가 아니다","LIDAR;Lidar;laser radar"
카메라 모듈,camera module,"캠 모듈;카메라모듈",HW,,
인터페이스 박스,interface box,"IF박스;인터페이스박스",HW,,
브래킷,bracket,"브라켓;브래킷트",HW,,
핀맵,pinout,"핀 맵;핀아웃;핀배치",HW,,
하네스,harness,"와이어링;배선뭉치",HW,,
접지,ground,"그라운드;어스",HW,,
캘리브레이션,calibration,"켈리브레이션;캘리;보정 작업",HW,"한글 표기는 '캘리브레이션'. '보정값'과 '보정 범위'는 계산된 값을 뜻하므로 허용. 영문 alignment 는 장착 정렬을 뜻하는 별개 개념이므로 금지하지 않음",calib
정적 캘리브레이션,static calibration,"스태틱 캘리브레이션",HW,타깃 보드를 두고 정지 상태에서 수행,
동적 캘리브레이션,dynamic calibration,"다이나믹 캘리브레이션;주행 보정",HW,실제 주행하며 수행,
타깃 보드,target board,"타겟보드;패턴보드",HW,,
시야각,field of view,"화각;FOV",HW,첫 등장 시 '시야각(FOV)'으로 병기,
허용 오차,tolerance,"톨러런스;오차범위",HW,,
상태 LED,status LED,"상태등;LED등;인디케이터",HW,,
진단,diagnostics,"다이어그노스틱;진단기능",HW/API,,
진단 스냅숏,diagnostic snapshot,"진단 스냅샷;스냅샷",HW/API,'스냅샷'이 아니라 '스냅숏',
오류 코드,error code,"에러코드;장애코드",공통,,
프로비저닝,provisioning,"프로비져닝;초기설정",HW/API,기기를 서비스에 처음 등록하는 절차,
펌웨어,firmware,"펌 웨어;F/W",HW,,
부팅 순서,boot sequence,"부트 시퀀스;기동순서",HW,,
장착 위치,mounting position,"설치 지점;설치위치;장착위치",HW,"하드웨어를 차량에 고정하는 자리. 띄어쓰기 포함해 '장착 위치'로 통일","installation point"
실내 온도 조절,climate control,"공조;예열;예냉",B2C,"사용자 대상 문서에서는 '공조'를 쓰지 않는다. 버튼 이름은 '실내 온도'. 개발자·운영자 문서(B2B)에서는 '공조'와 climate를 그대로 사용. 'air conditioning filter' 처럼 부품을 가리키는 영문은 허용",HVAC
다시 캘리브레이션,recalibration,"재캘리브레이션;리캘리브레이션",HW,"'재-' 접두어 대신 '다시'를 쓴다",
떼어내기,removal,"탈거;탈착",HW,"내장재와 모듈을 분리하는 동작. '탈거'는 정비 업계 용어라 쓰지 않는다",
눈으로 확인,visual check,"육안 확인;육안 점검",HW,"'육안'은 일상어가 아니다",
전원 넣기,power on,"전원 인가;통전",HW,"'인가'와 '통전'은 전기 공사 용어",
다시 조이기,retightening,"재조임;재체결",HW,"토크 재확인 후 조이는 동작",
동축 케이블,coaxial cable,,HW,"첫 등장 시 용어집에 등재. GMSL2 신호와 전원을 함께 보낸다",
프로덕션 배포,production deployment,,B2B,"검증 환경이 아니라 고객 차량을 대상으로 하는 배포. 승인이 필요하다","live deployment"
